Handle,Follow Up Message
@everybodyisbeautifulmedspa,Hey Everybody Is Beautiful Med Spa — just wanted to follow up on what I sent over. Quick question: is getting inactive clients to rebook something Everybody Is Beautiful Med Spa is actively focused on right now?
@facebyjacquie,Hey Jacquie — just wanted to follow up on what I sent over. Quick question: is getting inactive clients to rebook something Peace Love Med Aesthetic is actively focused on right now?
@skinapeelspa,Hey Skin Apeel Day Spa — just wanted to follow up on what I sent over. Quick question: is getting inactive clients to rebook something Skin Apeel Day Spa is actively focused on right now?
@elevationewestpalmbeach,Hey Élévatione Med Spa — just wanted to follow up on what I sent over. Quick question: is getting inactive clients to rebook something Élévatione Med Spa is actively focused on right now?
@facialmaniamedspadelray,Hey Facial Mania Med Spa — just wanted to follow up on what I sent over. Quick question: is getting inactive clients to rebook something Facial Mania Med Spa is actively focused on right now?
@sanctuarymedicalaesthetics,Hey Sanctuary Medical Center — just wanted to follow up on what I sent over. Quick question: is getting inactive clients to rebook something Sanctuary Medical Center is actively focused on right now?
@thelanespa,Hey The Lane Spa — just wanted to follow up on what I sent over. Quick question: is getting inactive clients to rebook something The Lane Spa is actively focused on right now?
@anushkaspa,Hey Anushka — just wanted to follow up on what I sent over. Quick question: is getting inactive clients to rebook something Anushka Spa & Salon is actively focused on right now?
@jackie_hydrinity,Hey Jackie — just wanted to follow up on what I sent over. Quick question: is getting inactive clients to rebook something Laser Skin & Wellness is actively focused on right now?
@skindivalabs,Hey Bella Reina Spa — just wanted to follow up on what I sent over. Quick question: is getting inactive clients to rebook something Bella Reina Spa is actively focused on right now?
@hillary.the.pa,Hey Hillary — just wanted to follow up on what I sent over. Quick question: is getting inactive clients to rebook something Delray Dermatology and Cosmetic Center is actively focused on right now?
@beverlyhillsmedispa,Hey Beverly Hills Wellness Center — just wanted to follow up on what I sent over. Quick question: is getting inactive clients to rebook something Beverly Hills Wellness Center is actively focused on right now?
@inspireaesthetics_,Hey Inspire Aesthetics — just wanted to follow up on what I sent over. Quick question: is getting inactive clients to rebook something Inspire Aesthetics is actively focused on right now?
@edendayspabocaraton,Hey Eden Day Spa — just wanted to follow up on what I sent over. Quick question: is getting inactive clients to rebook something Eden Day Spa is actively focused on right now?
@rhw_bocaraton,Hey Restore Hyper Wellness — just wanted to follow up on what I sent over. Quick question: is getting inactive clients to rebook something Restore Hyper Wellness is actively focused on right now?
@23aesthetics_,Hey 23 Aesthetics — just wanted to follow up on what I sent over. Quick question: is getting inactive clients to rebook something 23 Aesthetics is actively focused on right now?
@beautyhealth_medspa,Hey Beauty Health MedSpa — just wanted to follow up on what I sent over. Quick question: is getting inactive clients to rebook something Beauty Health MedSpa is actively focused on right now?
@pacboca,Hey Prestige — just wanted to follow up on what I sent over. Quick question: is getting inactive clients to rebook something Prestige is actively focused on right now?
@salonoasismedspaboca,Hey Salon Oasis Med Spa — just wanted to follow up on what I sent over. Quick question: is getting inactive clients to rebook something Salon Oasis Med Spa is actively focused on right now?
@mia_aestheticstudio,Hey Mia — just wanted to follow up on what I sent over. Quick question: is getting inactive clients to rebook something Mia Aesthetic Studio is actively focused on right now?
@vitaminhealthinfusion,Hey Vitamin Health Infusion — just wanted to follow up on what I sent over. Quick question: is getting inactive clients to rebook something Vitamin Health Infusion is actively focused on right now?
@drmylissasmedicalboutique,Hey Dr. Mylissa's Medical Boutique — just wanted to follow up on what I sent over. Quick question: is getting inactive clients to rebook something Dr. Mylissa's Medical Boutique is actively focused on right now?
@explore,Hey Zarreii Medical and Aesthetics — just wanted to follow up on what I sent over. Quick question: is getting inactive clients to rebook something Zarreii Medical and Aesthetics is actively focused on right now?
@jackie_hydrinity,Hey Jackie — just wanted to follow up on what I sent over. Quick question: is getting inactive clients to rebook something Laser Skin & Wellness is actively focused on right now?
@basisaesthetics_,Hey Basis Aesthetics — just wanted to follow up on what I sent over. Quick question: is getting inactive clients to rebook something Basis Aesthetics is actively focused on right now?
@touchofclassdayspacoralsprings,Hey Touch of Class Day Spa — just wanted to follow up on what I sent over. Quick question: is getting inactive clients to rebook something Touch of Class Day Spa is actively focused on right now?
@skinclubsfl,Hey Skin Club — just wanted to follow up on what I sent over. Quick question: is getting inactive clients to rebook something Skin Club is actively focused on right now?
@uniquewellnesscenter,Hey Unique Wellness Center — just wanted to follow up on what I sent over. Quick question: is getting inactive clients to rebook something Unique Wellness Center is actively focused on right now?
@dripenvy_,Hey Drip Envy — just wanted to follow up on what I sent over. Quick question: is getting inactive clients to rebook something Drip Envy is actively focused on right now?
@palmbeachlaserandaesthetic,Hey Palm Beach Laser & Aesthetic — just wanted to follow up on what I sent over. Quick question: is getting inactive clients to rebook something Palm Beach Laser & Aesthetic is actively focused on right now?
@athenamedspaandsalon,Hey Athena Med Spa and Salon — just wanted to follow up on what I sent over. Quick question: is getting inactive clients to rebook something Athena Med Spa and Salon is actively focused on right now?
@lovemyskinlaser,Hey Love My Skin Laser & Aesthetics — just wanted to follow up on what I sent over. Quick question: is getting inactive clients to rebook something Love My Skin Laser & Aesthetics is actively focused on right now?
@blushlounge_aesthetics,Hey Blush Lounge Medspa — just wanted to follow up on what I sent over. Quick question: is getting inactive clients to rebook something Blush Lounge Medspa is actively focused on right now?
@greenwellnesscentre,Hey Green Wellness Centre & Med Spa — just wanted to follow up on what I sent over. Quick question: is getting inactive clients to rebook something Green Wellness Centre & Med Spa is actively focused on right now?
@cr8health,Hey Cr8 Health Wellness & Aesthetics — just wanted to follow up on what I sent over. Quick question: is getting inactive clients to rebook something Cr8 Health Wellness & Aesthetics is actively focused on right now?
@bespokeaestheticspb,Hey Bespoke Aesthetics — just wanted to follow up on what I sent over. Quick question: is getting inactive clients to rebook something Bespoke Aesthetics is actively focused on right now?
@dermagen_medspa,Hey Dermagen spa — just wanted to follow up on what I sent over. Quick question: is getting inactive clients to rebook something Dermagen spa is actively focused on right now?
@svetflorida,Hey Ora Wellness and Aesthetics — just wanted to follow up on what I sent over. Quick question: is getting inactive clients to rebook something Ora Wellness and Aesthetics is actively focused on right now?
@pureskinpalmbeach,Hey Pure Skin Palm Beach — just wanted to follow up on what I sent over. Quick question: is getting inactive clients to rebook something Pure Skin Palm Beach is actively focused on right now?
@aquaauraspa,Hey Aquaaura — just wanted to follow up on what I sent over. Quick question: is getting inactive clients to rebook something Aqua Aura Spa & Wellness is actively focused on right now?
@tedxdelraybeach.official,Hey Official — just wanted to follow up on what I sent over. Quick question: is getting inactive clients to rebook something Prime IV Hydration & Wellness is actively focused on right now?
@essentialsspa_pb,Hey Essentials Spa of — just wanted to follow up on what I sent over. Quick question: is getting inactive clients to rebook something Essentials Spa of is actively focused on right now?
@r3.health,Hey R3 Health — just wanted to follow up on what I sent over. Quick question: is getting inactive clients to rebook something R3 Health is actively focused on right now?
@glamormedical,Hey Glamor — just wanted to follow up on what I sent over. Quick question: is getting inactive clients to rebook something Glamor Medical is actively focused on right now?
@facialmaniamedspaboca,Hey Facial Mania Med Spa — just wanted to follow up on what I sent over. Quick question: is getting inactive clients to rebook something Facial Mania Med Spa is actively focused on right now?
@viomedspa.delray,Hey VIO Med Spa — just wanted to follow up on what I sent over. Quick question: is getting inactive clients to rebook something VIO Med Spa is actively focused on right now?
@del_aesthetics,Hey Del Aesthetics — just wanted to follow up on what I sent over. Quick question: is getting inactive clients to rebook something Del Aesthetics is actively focused on right now?
@aestheticsmedspaa,Hey Aesthetics Care Medspa — just wanted to follow up on what I sent over. Quick question: is getting inactive clients to rebook something Aesthetics Care Medspa is actively focused on right now?
@star.medspa,Hey STAR MED SPA — just wanted to follow up on what I sent over. Quick question: is getting inactive clients to rebook something STAR MED SPA is actively focused on right now?
@nutriflomedspa,Hey Nutriflo — just wanted to follow up on what I sent over. Quick question: is getting inactive clients to rebook something NutriFlo Medspa and IV Lounge is actively focused on right now?
@hamiltonaestheticspalmbeach,Hey Hamilton Aesthetics — just wanted to follow up on what I sent over. Quick question: is getting inactive clients to rebook something Hamilton Aesthetics is actively focused on right now?
@dolce_boca_raton,Hey Dolce — just wanted to follow up on what I sent over. Quick question: is getting inactive clients to rebook something Dolce Medical Spa is actively focused on right now?
@boyntonbeachchamber,Hey Injection Perfection Medical Spa — just wanted to follow up on what I sent over. Quick question: is getting inactive clients to rebook something Injection Perfection Medical Spa is actively focused on right now?
@spa_marija,Hey Marija — just wanted to follow up on what I sent over. Quick question: is getting inactive clients to rebook something Spa Marija is actively focused on right now?
@popular,Hey J&P Wellness and aesthetic — just wanted to follow up on what I sent over. Quick question: is getting inactive clients to rebook something J&P Wellness and aesthetic is actively focused on right now?
@vitalitylaserspa,Hey Vitality Spa — just wanted to follow up on what I sent over. Quick question: is getting inactive clients to rebook something Vitality Spa is actively focused on right now?
@vitalvitawellness,Hey Vital Vita Wellness — just wanted to follow up on what I sent over. Quick question: is getting inactive clients to rebook something Vital Vita Wellness is actively focused on right now?
@jivamedspabocaraton,Hey Jiva Med Spa — just wanted to follow up on what I sent over. Quick question: is getting inactive clients to rebook something Jiva Med Spa is actively focused on right now?
@aestheticsatcimahealth,Hey Aesthetics at Cima Health — just wanted to follow up on what I sent over. Quick question: is getting inactive clients to rebook something Aesthetics at Cima Health is actively focused on right now?
@ashleyswainpermanentmakeup,Hey Ashley Swain Permanent Makeup & Medspa — just wanted to follow up on what I sent over. Quick question: is getting inactive clients to rebook something Ashley Swain Permanent Makeup & Medspa is actively focused on right now?
@mdbeautylabs,Hey MD Beauty Labs — just wanted to follow up on what I sent over. Quick question: is getting inactive clients to rebook something MD Beauty Labs is actively focused on right now?
@nouveauhealthwellness,Hey Nouveau Health & Wellness — just wanted to follow up on what I sent over. Quick question: is getting inactive clients to rebook something Nouveau Health & Wellness is actively focused on right now?
@skinhealthstudios,Hey SkinHealth Studios — just wanted to follow up on what I sent over. Quick question: is getting inactive clients to rebook something SkinHealth Studios is actively focused on right now?
@bodyandbeautylab_fl,Hey Body+Beauty Lab — just wanted to follow up on what I sent over. Quick question: is getting inactive clients to rebook something Body+Beauty Lab is actively focused on right now?
@thealchemyfacialbar,Hey The Alchemy Facial Bar — just wanted to follow up on what I sent over. Quick question: is getting inactive clients to rebook something The Alchemy Facial Bar is actively focused on right now?
@me_aestheticsfl,Hey ME Aesthetics — just wanted to follow up on what I sent over. Quick question: is getting inactive clients to rebook something ME Aesthetics is actively focused on right now?
@lovelee_4life,Hey Lovelee — just wanted to follow up on what I sent over. Quick question: is getting inactive clients to rebook something LoveLee 4Life is actively focused on right now?
@paradiselaserdelray,Hey Paradise Laser Delray — just wanted to follow up on what I sent over. Quick question: is getting inactive clients to rebook something Paradise Laser Delray is actively focused on right now?
@lormin_medspa,Hey Lormin — just wanted to follow up on what I sent over. Quick question: is getting inactive clients to rebook something Lormin Med Spa is actively focused on right now?
@renewyoupalmbeach,Hey Renew You Palm Beach — just wanted to follow up on what I sent over. Quick question: is getting inactive clients to rebook something Renew You Palm Beach is actively focused on right now?
@carte.blancheevents,Hey Carte — just wanted to follow up on what I sent over. Quick question: is getting inactive clients to rebook something The Tox is actively focused on right now?
@bodybymarspa,Hey Marspa — just wanted to follow up on what I sent over. Quick question: is getting inactive clients to rebook something Body By Mar Spa is actively focused on right now?
@injectorresha,Hey Zen Luxe Medspa & IV Lounge — just wanted to follow up on what I sent over. Quick question: is getting inactive clients to rebook something Zen Luxe Medspa & IV Lounge is actively focused on right now?
@skincare_evolution,Hey Evolution — just wanted to follow up on what I sent over. Quick question: is getting inactive clients to rebook something Skincare Evolution is actively focused on right now?
@relivedelray,Hey Relive — just wanted to follow up on what I sent over. Quick question: is getting inactive clients to rebook something Relive Delray is actively focused on right now?
@parklandmedspaandwellness,Hey Parkland Medspa & Wellness Center — just wanted to follow up on what I sent over. Quick question: is getting inactive clients to rebook something Parkland Medspa & Wellness Center is actively focused on right now?
@theparklandinjector,Hey Revive Beauty — just wanted to follow up on what I sent over. Quick question: is getting inactive clients to rebook something Revive Beauty is actively focused on right now?
@peachbodyclub,Hey Peach Body Club — just wanted to follow up on what I sent over. Quick question: is getting inactive clients to rebook something Peach Body Club is actively focused on right now?
@glowumedspa,Hey Glowu — just wanted to follow up on what I sent over. Quick question: is getting inactive clients to rebook something Glow U Med Spa is actively focused on right now?
@serenadayspa,Hey Serena Day Spa — just wanted to follow up on what I sent over. Quick question: is getting inactive clients to rebook something Serena Day Spa is actively focused on right now?
@agetoperfectionmd,Hey Coral Springs Med Spa — just wanted to follow up on what I sent over. Quick question: is getting inactive clients to rebook something Coral Springs Med Spa is actively focused on right now?
@freedomwellnessandaesthetics,Hey Freedom Wellness and Aesthetics — just wanted to follow up on what I sent over. Quick question: is getting inactive clients to rebook something Freedom Wellness and Aesthetics is actively focused on right now?
@botox_betsy,Hey Betsy — just wanted to follow up on what I sent over. Quick question: is getting inactive clients to rebook something Core Medical Group is actively focused on right now?
@signaturerejuvenationmd,Hey Signature Rejuvenation MD — just wanted to follow up on what I sent over. Quick question: is getting inactive clients to rebook something Signature Rejuvenation MD is actively focused on right now?
@bocaraton.laserlipo,Hey Boca Raton Laser Lipo — just wanted to follow up on what I sent over. Quick question: is getting inactive clients to rebook something Boca Raton Laser Lipo is actively focused on right now?
@beauty_ambassade,Hey Ambassade — just wanted to follow up on what I sent over. Quick question: is getting inactive clients to rebook something Beauty Ambassade is actively focused on right now?
@equilibrio_boca,Hey Equilibrio — just wanted to follow up on what I sent over. Quick question: is getting inactive clients to rebook something Equilibrio Wellness Spa is actively focused on right now?
@medhouse__,Hey MedHouse — just wanted to follow up on what I sent over. Quick question: is getting inactive clients to rebook something MedHouse is actively focused on right now?
@starsmedspa,Hey Stars — just wanted to follow up on what I sent over. Quick question: is getting inactive clients to rebook something Stars Skincare Medspa is actively focused on right now?
@drgmedspa,Hey Drg — just wanted to follow up on what I sent over. Quick question: is getting inactive clients to rebook something Dr. G Med Spa is actively focused on right now?
@invictusmedwell,Hey Invictus Medical and Wellness Group — just wanted to follow up on what I sent over. Quick question: is getting inactive clients to rebook something Invictus Medical and Wellness Group is actively focused on right now?
@glow.infusions,Hey Glow Infusions — just wanted to follow up on what I sent over. Quick question: is getting inactive clients to rebook something Glow Infusions is actively focused on right now?
@rosefaceandbodyspa,Hey Rose Face and Body Spa — just wanted to follow up on what I sent over. Quick question: is getting inactive clients to rebook something Rose Face and Body Spa is actively focused on right now?
@delraymedspa,Hey Delray Med Spa — just wanted to follow up on what I sent over. Quick question: is getting inactive clients to rebook something Delray Med Spa is actively focused on right now?
@lynova_wellness,Hey Lynova — just wanted to follow up on what I sent over. Quick question: is getting inactive clients to rebook something Lynova Wellness is actively focused on right now?
@explore,Hey Inspo. Medspa — just wanted to follow up on what I sent over. Quick question: is getting inactive clients to rebook something Inspo. Medspa is actively focused on right now?
@hwcabinetco,Hey Spa Me Now — just wanted to follow up on what I sent over. Quick question: is getting inactive clients to rebook something Spa Me Now is actively focused on right now?
@blueiris_medicalaesthetics,Hey Blueiris — just wanted to follow up on what I sent over. Quick question: is getting inactive clients to rebook something Blue Iris Medical Aesthetics is actively focused on right now?
@completeskinspa,Hey Complete Skin Spa — just wanted to follow up on what I sent over. Quick question: is getting inactive clients to rebook something Complete Skin Spa is actively focused on right now?
@cassisaesthetics,Hey Cassis — just wanted to follow up on what I sent over. Quick question: is getting inactive clients to rebook something Cassis Aesthetics is actively focused on right now?
@mypbwellness,Hey Palm Beach Beauty & Wellness — just wanted to follow up on what I sent over. Quick question: is getting inactive clients to rebook something Palm Beach Beauty & Wellness is actively focused on right now?
@euphoria.medspa,Hey Euphoria — just wanted to follow up on what I sent over. Quick question: is getting inactive clients to rebook something Euphoria Aesthetics & Wellness is actively focused on right now?
@explore,Hey VGC Laser Studio — just wanted to follow up on what I sent over. Quick question: is getting inactive clients to rebook something VGC Laser Studio is actively focused on right now?
@clubpilatespalmbeachgardens,Hey Aesthetics by Kallee — just wanted to follow up on what I sent over. Quick question: is getting inactive clients to rebook something Aesthetics by Kallee is actively focused on right now?
@lotuslasermedspa,Hey Lotus Laser & Med Spa — just wanted to follow up on what I sent over. Quick question: is getting inactive clients to rebook something Lotus Laser & Med Spa is actively focused on right now?
@edenmedicine,Hey Eden Med — just wanted to follow up on what I sent over. Quick question: is getting inactive clients to rebook something Eden Med is actively focused on right now?
@bettermemedspa,Hey Betterme — just wanted to follow up on what I sent over. Quick question: is getting inactive clients to rebook something Better Me Medical Spa and Wellness Center is actively focused on right now?
@naylanwellness,Hey Naylan — just wanted to follow up on what I sent over. Quick question: is getting inactive clients to rebook something Naylan Montes Wellness Spa is actively focused on right now?
@agedefyaesthetics,Hey Agedefy — just wanted to follow up on what I sent over. Quick question: is getting inactive clients to rebook something Age Defy Aesthetics & Wellness is actively focused on right now?
@pineapplegrovemedspadelray,Hey Pineapple Grove Medical Spa — just wanted to follow up on what I sent over. Quick question: is getting inactive clients to rebook something Pineapple Grove Medical Spa is actively focused on right now?
@harmony_ecospaboutique,Hey Harmony — just wanted to follow up on what I sent over. Quick question: is getting inactive clients to rebook something Harmony Eco Spa Boutique is actively focused on right now?
@bespokeskin.studio,Hey Bespoke Skin Studio — just wanted to follow up on what I sent over. Quick question: is getting inactive clients to rebook something Bespoke Skin Studio is actively focused on right now?
@ashokfkapur,Hey Boca Med Spa — just wanted to follow up on what I sent over. Quick question: is getting inactive clients to rebook something Boca Med Spa is actively focused on right now?
@elegantyouthmedspa,Hey Elegant Youth MedSpa — just wanted to follow up on what I sent over. Quick question: is getting inactive clients to rebook something Elegant Youth MedSpa is actively focused on right now?
@skinlounge_spa,Hey Skin Lounge Med Spa — just wanted to follow up on what I sent over. Quick question: is getting inactive clients to rebook something Skin Lounge Med Spa is actively focused on right now?
@lspasrq,Hey Glam R Us Med Spa — just wanted to follow up on what I sent over. Quick question: is getting inactive clients to rebook something Glam R Us Med Spa is actively focused on right now?
@ovi_pinesaesthetics,Hey Ovi — just wanted to follow up on what I sent over. Quick question: is getting inactive clients to rebook something Pines Aesthetics is actively focused on right now?
@mellrosemed,Hey Mellrose — just wanted to follow up on what I sent over. Quick question: is getting inactive clients to rebook something Mellrosemed is actively focused on right now?
@pieros_alternative,Hey Pieros — just wanted to follow up on what I sent over. Quick question: is getting inactive clients to rebook something Lady Bella's Med Spa is actively focused on right now?
@ultimatebodyspa,Hey Ultimate Body Spa — just wanted to follow up on what I sent over. Quick question: is getting inactive clients to rebook something Ultimate Body Spa is actively focused on right now?
@gvo.glo,Hey Gvo — just wanted to follow up on what I sent over. Quick question: is getting inactive clients to rebook something GVO GLO Aesthetics is actively focused on right now?
@peacelovemedspa,Hey Venus Med Spa — just wanted to follow up on what I sent over. Quick question: is getting inactive clients to rebook something Venus Med Spa is actively focused on right now?
@novawcenter,Hey Novaw — just wanted to follow up on what I sent over. Quick question: is getting inactive clients to rebook something Nova Wellness Center is actively focused on right now?
@infuziomedspa,Hey Infuzio — just wanted to follow up on what I sent over. Quick question: is getting inactive clients to rebook something Infuzio is actively focused on right now?

--- FOLLOW UP BY EMAIL (no Instagram handle) ---,
COSMETICA MED SPA,
Zarreii Medical and Aesthetics,
Ideal Image Coral Springs,
4Ever Young West Palm Beach,
Ideal Image Boca Raton,
Icon MD Medical Spa,
4Ever Young Delray Beach,
MedClub by Dr. Jenn,
4Ever Young Med Spa & Wellness Center - Boca Raton,
4Ever Young Med Spa & Wellness Center West Palm Beach (formerly Ideal Image),
Icon MD Medical Spa + Laser Center Boca Raton,
4Ever Young Med Spa & Wellness Center - Delray Beach,
Alluring Image Medspa and Wellness,
Liquivida Wellness Center | Coral Springs,
4Ever Young Med Spa & Wellness Center - Parkland,
Five Elements Medical Spa & Wellness Center in Deerfield Beach,
Delray Laser and Medical Spa - Body Contouring | Laser Hair Removal,
Well Labs+ Medspa Coconut Creek (formerly Hello Gorgeous),
Magic Touch Medical Esthetician By Sandra Maltese,
Serenity Massages of the Palm Beaches,
Lolla Spa - Advanced aesthetics Medspa,
Advanced Med SPA - Deerfield Beach,
Illume MD: Aesthetic Art & Wellness,
Liquivida Wellness Center | Palm Beach Gardens - PGA,
Vanity Skin & laser,
BareFace Aesthetics - Facial Spa & Skin Treatment,
Doctor BG Med | Excellence Health Well-being and Longevity,
AlluraMD Boca Raton (formerly The Box Med Spa),
Green Dermatology & Cosmetic Center,
Dash Medical Spa and Laser Center,
MedClub Testosterone & Bioidentical Hormones,
SK Esthetics,
Pulsar Health - Dr. Roop Monica Gill,
Sakara Spa Formerly Known as Belly Love Spa,
King Skin Health,
Ana Csere Skin Care - Facial Spa,
Boca Laser & Medical Spa + Wellness,
Daily Skin Solutions by JoAnn Francis,
Apex Aesthetics and Wellness (Jason Kwiatkowski PA-C),
Avastar Cryo - Delray Beach,
Revive Point Welness Spa Boca,
Preventive Health and Wellness Center,
Rejuvenate Day Spa,
LifeGaines Med Spa,
Seen Aesthetics,
Emarie Lucille Med Spas,
Martina’s Spa of Deerfield Beach,
Stay Young Health + Wellness Institute,
The Laser Professionals,
Pure Elements Medical Spa LLC,
Romei Med Spa | Laser Hair Removal,
Aquamed Medspa,
"Ava Beauty Medical Aesthetics, LLC",
Evolution Rejuvenation Center,
All About Aesthetics Med Spa,
CENTRO DDL BIOESTÉTICA INTEGRAL,
