name,city,ig,reviews,url
4Ever Young Med Spa & Wellness Center - Boca Raton,Boca Raton,,1516,https://reports.auralithdigital.com/medspa/4ever-young-med-spa-wellness-center-boca-raton/
"Zarreii Medical and Aesthetics: Peymon Zarreii, MD",Delray Beach,@explore,784,https://reports.auralithdigital.com/medspa/zarreii-medical-and-aesthetics-peymon-zarreii-md/
4Ever Young Med Spa & Wellness Center West Palm Beach (formerly Ideal Image),West Palm Beach,,693,https://reports.auralithdigital.com/medspa/4ever-young-med-spa-wellness-center-west-palm-beach-formerly/
Laser Skin & Wellness - Palm Beach Gardens,Palm Beach Gardens,@jackie_hydrinity,594,https://reports.auralithdigital.com/medspa/laser-skin-wellness-palm-beach-gardens/
Icon MD Medical Spa + Laser Center Boca Raton,Boca Raton,,496,https://reports.auralithdigital.com/medspa/icon-md-medical-spa-laser-center-boca-raton/
4Ever Young Med Spa & Wellness Center - Delray Beach,Delray Beach,,393,https://reports.auralithdigital.com/medspa/4ever-young-med-spa-wellness-center-delray-beach/
Basis Aesthetics,Delray Beach,@basisaesthetics_,382,https://reports.auralithdigital.com/medspa/basis-aesthetics/
Touch of Class Day Spa,Coral Springs,@touchofclassdayspacoralsprings,349,https://reports.auralithdigital.com/medspa/touch-of-class-day-spa/
Skin Club,Deerfield Beach,@skinclubsfl,346,https://reports.auralithdigital.com/medspa/skin-club/
Unique Wellness Center,Coral Springs,@uniquewellnesscenter,330,https://reports.auralithdigital.com/medspa/unique-wellness-center/
Alluring Image Medspa and Wellness,Delray Beach,,310,https://reports.auralithdigital.com/medspa/alluring-image-medspa-and-wellness/
Liquivida Wellness Center | Coral Springs,Coral Springs,,298,https://reports.auralithdigital.com/medspa/liquivida-wellness-center-coral-springs/
Drip Envy - Boca Raton,Boca Raton,@dripenvy_,294,https://reports.auralithdigital.com/medspa/drip-envy-boca-raton/
Palm Beach Laser & Aesthetic,Coral Springs,@palmbeachlaserandaesthetic,293,https://reports.auralithdigital.com/medspa/palm-beach-laser-aesthetic/
Athena Med Spa and Salon,West Palm Beach,@athenamedspaandsalon,291,https://reports.auralithdigital.com/medspa/athena-med-spa-and-salon/
Love My Skin Laser & Aesthetics,Palm Beach Gardens,@lovemyskinlaser,282,https://reports.auralithdigital.com/medspa/love-my-skin-laser-aesthetics/
Blush Lounge Medspa,Boca Raton,@blushlounge_aesthetics,273,https://reports.auralithdigital.com/medspa/blush-lounge-medspa/
4Ever Young Med Spa & Wellness Center - Parkland,Parkland,,262,https://reports.auralithdigital.com/medspa/4ever-young-med-spa-wellness-center-parkland/
Green Wellness Centre & Med Spa,Coral Springs,@greenwellnesscentre,247,https://reports.auralithdigital.com/medspa/green-wellness-centre-med-spa/
Five Elements Medical Spa & Wellness Center in Deerfield Beach,Deerfield Beach,,244,https://reports.auralithdigital.com/medspa/five-elements-medical-spa-wellness-center-in-deerfield-beach/
Delray Laser and Medical Spa - Body Contouring | Laser Hair Removal,Delray Beach,,244,https://reports.auralithdigital.com/medspa/delray-laser-and-medical-spa-body-contouring-laser-hair-remo/
Well Labs+ Medspa Coconut Creek (formerly Hello Gorgeous),Coconut Creek,,239,https://reports.auralithdigital.com/medspa/well-labs-medspa-coconut-creek-formerly-hello-gorgeous/
Magic Touch Medical Esthetician By Sandra Maltese,Coral Springs,,235,https://reports.auralithdigital.com/medspa/magic-touch-medical-esthetician-by-sandra-maltese/
Cr8 Health Wellness & Aesthetics,Boca Raton,@cr8health,234,https://reports.auralithdigital.com/medspa/cr8-health-wellness-aesthetics/
Bespoke Aesthetics,West Palm Beach,@bespokeaestheticspb,234,https://reports.auralithdigital.com/medspa/bespoke-aesthetics/
Serenity Massages of the Palm Beaches,Palm Beach Gardens,,228,https://reports.auralithdigital.com/medspa/serenity-massages-of-the-palm-beaches/
Dermagen spa,Boca Raton,@dermagen_medspa,217,https://reports.auralithdigital.com/medspa/dermagen-spa/
Ora Wellness and Aesthetics,Boca Raton,@svetflorida,216,https://reports.auralithdigital.com/medspa/ora-wellness-and-aesthetics/
Pure Skin Palm Beach,West Palm Beach,@pureskinpalmbeach,209,https://reports.auralithdigital.com/medspa/pure-skin-palm-beach/
Aqua Aura Spa & Wellness,Coral Springs,@aquaauraspa,206,https://reports.auralithdigital.com/medspa/aqua-aura-spa-wellness/
Prime IV Hydration & Wellness - Delray Beach,Delray Beach,@tedxdelraybeach.official,199,https://reports.auralithdigital.com/medspa/prime-iv-hydration-wellness-delray-beach/
Essentials Spa of Palm Beach Gardens,Palm Beach Gardens,@essentialsspa_pb,196,https://reports.auralithdigital.com/medspa/essentials-spa-of-palm-beach-gardens/
R3 Health,West Palm Beach,@r3.health,195,https://reports.auralithdigital.com/medspa/r3-health/
Glamor Medical,Boca Raton,@glamormedical,194,https://reports.auralithdigital.com/medspa/glamor-medical/
Lolla Spa - Advanced aesthetics Medspa,Deerfield Beach,,194,https://reports.auralithdigital.com/medspa/lolla-spa-advanced-aesthetics-medspa/
Facial Mania Med Spa Boca Raton,Boca Raton,@facialmaniamedspaboca,193,https://reports.auralithdigital.com/medspa/facial-mania-med-spa-boca-raton/
VIO Med Spa,Delray Beach,@viomedspa.delray,193,https://reports.auralithdigital.com/medspa/vio-med-spa/
Del Aesthetics,Delray Beach,@del_aesthetics,189,https://reports.auralithdigital.com/medspa/del-aesthetics/
Advanced Med SPA - Deerfield Beach,Deerfield Beach,,186,https://reports.auralithdigital.com/medspa/advanced-med-spa-deerfield-beach/
Aesthetics Care Medspa,Coconut Creek,@aestheticsmedspaa,183,https://reports.auralithdigital.com/medspa/aesthetics-care-medspa/
STAR MED SPA,Delray Beach,@star.medspa,183,https://reports.auralithdigital.com/medspa/star-med-spa/
NutriFlo Medspa and IV Lounge,Coral Springs,@nutriflomedspa,182,https://reports.auralithdigital.com/medspa/nutriflo-medspa-and-iv-lounge/
Illume MD: Aesthetic Art & Wellness,Coral Springs,,181,https://reports.auralithdigital.com/medspa/illume-md-aesthetic-art-wellness/
Hamilton Aesthetics,Palm Beach Gardens,@hamiltonaestheticspalmbeach,169,https://reports.auralithdigital.com/medspa/hamilton-aesthetics/
Dolce Medical Spa,Boca Raton,@dolce_boca_raton,166,https://reports.auralithdigital.com/medspa/dolce-medical-spa/
Liquivida Wellness Center | Palm Beach Gardens - PGA,Palm Beach Gardens,,166,https://reports.auralithdigital.com/medspa/liquivida-wellness-center-palm-beach-gardens-pga/
Injection Perfection Medical Spa,Boca Raton,@boyntonbeachchamber,163,https://reports.auralithdigital.com/medspa/injection-perfection-medical-spa/
Vanity Skin & laser,Coral Springs,,162,https://reports.auralithdigital.com/medspa/vanity-skin-laser/
Spa Marija,Boca Raton,@spa_marija,161,https://reports.auralithdigital.com/medspa/spa-marija/
BareFace Aesthetics - Facial Spa & Skin Treatment,West Palm Beach,,159,https://reports.auralithdigital.com/medspa/bareface-aesthetics-facial-spa-skin-treatment/
J&P Wellness and aesthetic,West Palm Beach,@popular,153,https://reports.auralithdigital.com/medspa/jp-wellness-and-aesthetic/
Vitality Spa,Boca Raton,@vitalitylaserspa,151,https://reports.auralithdigital.com/medspa/vitality-spa/
Doctor BG Med | Excellence Health Well-being and Longevity,Coconut Creek,,150,https://reports.auralithdigital.com/medspa/doctor-bg-med-excellence-health-well-being-and-longevity/
Vital Vita Wellness,West Palm Beach,@vitalvitawellness,150,https://reports.auralithdigital.com/medspa/vital-vita-wellness/
Jiva Med Spa Boca Raton,Boca Raton,@jivamedspabocaraton,149,https://reports.auralithdigital.com/medspa/jiva-med-spa-boca-raton/
Aesthetics at Cima Health,Palm Beach Gardens,@aestheticsatcimahealth,148,https://reports.auralithdigital.com/medspa/aesthetics-at-cima-health/
AlluraMD Boca Raton (formerly The Box Med Spa),Boca Raton,,147,https://reports.auralithdigital.com/medspa/alluramd-boca-raton-formerly-the-box-med-spa/
Green Dermatology & Cosmetic Center,Deerfield Beach,,145,https://reports.auralithdigital.com/medspa/green-dermatology-cosmetic-center/
Ashley Swain Permanent Makeup & Medspa,Palm Beach Gardens,@ashleyswainpermanentmakeup,144,https://reports.auralithdigital.com/medspa/ashley-swain-permanent-makeup-medspa/
Dash Medical Spa and Laser Center,Delray Beach,,142,https://reports.auralithdigital.com/medspa/dash-medical-spa-and-laser-center/
MedClub Testosterone & Bioidentical Hormones,West Palm Beach,,142,https://reports.auralithdigital.com/medspa/medclub-testosterone-bioidentical-hormones/
MD Beauty Labs,West Palm Beach,@mdbeautylabs,141,https://reports.auralithdigital.com/medspa/md-beauty-labs/
Nouveau Health & Wellness,Palm Beach Gardens,@nouveauhealthwellness,137,https://reports.auralithdigital.com/medspa/nouveau-health-wellness/
SK Esthetics,Coral Springs,,136,https://reports.auralithdigital.com/medspa/sk-esthetics/
SkinHealth Studios,Palm Beach Gardens,@skinhealthstudios,136,https://reports.auralithdigital.com/medspa/skinhealth-studios/
Body+Beauty Lab,West Palm Beach,@bodyandbeautylab_fl,135,https://reports.auralithdigital.com/medspa/bodybeauty-lab/
Pulsar Health - Dr. Roop Monica Gill,West Palm Beach,,135,https://reports.auralithdigital.com/medspa/pulsar-health-dr-roop-monica-gill/
The Alchemy Facial Bar,Coral Springs,@thealchemyfacialbar,134,https://reports.auralithdigital.com/medspa/the-alchemy-facial-bar/
ME Aesthetics,Coral Springs,@me_aestheticsfl,133,https://reports.auralithdigital.com/medspa/me-aesthetics/
LoveLee 4Life,West Palm Beach,@lovelee_4life,130,https://reports.auralithdigital.com/medspa/lovelee-4life/
Paradise Laser Delray,Delray Beach,@paradiselaserdelray,128,https://reports.auralithdigital.com/medspa/paradise-laser-delray/
Sakara Spa Formerly Known as Belly Love Spa,Coral Springs,,127,https://reports.auralithdigital.com/medspa/sakara-spa-formerly-known-as-belly-love-spa/
Lormin Med Spa,Coral Springs,@lormin_medspa,126,https://reports.auralithdigital.com/medspa/lormin-med-spa/
Renew You Palm Beach,West Palm Beach,@renewyoupalmbeach,123,https://reports.auralithdigital.com/medspa/renew-you-palm-beach/
The Tox Boca Raton,Boca Raton,@carte.blancheevents,121,https://reports.auralithdigital.com/medspa/the-tox-boca-raton/
Body By Mar Spa,Coral Springs,@bodybymarspa,118,https://reports.auralithdigital.com/medspa/body-by-mar-spa/
Zen Luxe Medspa & IV Lounge,Coral Springs,@injectorresha,115,https://reports.auralithdigital.com/medspa/zen-luxe-medspa-iv-lounge/
King Skin Health,Palm Beach Gardens,,115,https://reports.auralithdigital.com/medspa/king-skin-health/
Skincare Evolution,Parkland,@skincare_evolution,114,https://reports.auralithdigital.com/medspa/skincare-evolution/
Ana Csere Skin Care - Facial Spa,Boca Raton,,114,https://reports.auralithdigital.com/medspa/ana-csere-skin-care-facial-spa/
Relive Delray,Delray Beach,@relivedelray,113,https://reports.auralithdigital.com/medspa/relive-delray/
Boca Laser & Medical Spa + Wellness,Boca Raton,,111,https://reports.auralithdigital.com/medspa/boca-laser-medical-spa-wellness/
Parkland Medspa & Wellness Center,Parkland,@parklandmedspaandwellness,106,https://reports.auralithdigital.com/medspa/parkland-medspa-wellness-center/
Revive Beauty,Parkland,@theparklandinjector,104,https://reports.auralithdigital.com/medspa/revive-beauty/
Peach Body Club,Delray Beach,@peachbodyclub,102,https://reports.auralithdigital.com/medspa/peach-body-club/
Glow U Med Spa,Boca Raton,@glowumedspa,98,https://reports.auralithdigital.com/medspa/glow-u-med-spa/
Daily Skin Solutions by JoAnn Francis,West Palm Beach,,97,https://reports.auralithdigital.com/medspa/daily-skin-solutions-by-joann-francis/
Serena Day Spa,Coral Springs,@serenadayspa,95,https://reports.auralithdigital.com/medspa/serena-day-spa/
Coral Springs Med Spa,Coral Springs,@agetoperfectionmd,94,https://reports.auralithdigital.com/medspa/coral-springs-med-spa/
Freedom Wellness and Aesthetics,Delray Beach,@freedomwellnessandaesthetics,92,https://reports.auralithdigital.com/medspa/freedom-wellness-and-aesthetics/
Core Medical Group,Boca Raton,@botox_betsy,90,https://reports.auralithdigital.com/medspa/core-medical-group/
Signature Rejuvenation MD,Coral Springs,@signaturerejuvenationmd,89,https://reports.auralithdigital.com/medspa/signature-rejuvenation-md/
Boca Raton Laser Lipo,Boca Raton,@bocaraton.laserlipo,88,https://reports.auralithdigital.com/medspa/boca-raton-laser-lipo/
Beauty Ambassade,West Palm Beach,@beauty_ambassade,87,https://reports.auralithdigital.com/medspa/beauty-ambassade/
Equilibrio Wellness Spa,Boca Raton,@equilibrio_boca,87,https://reports.auralithdigital.com/medspa/equilibrio-wellness-spa/
MedHouse,West Palm Beach,@medhouse__,85,https://reports.auralithdigital.com/medspa/medhouse/
Apex Aesthetics and Wellness (Jason Kwiatkowski PA-C),Palm Beach Gardens,,83,https://reports.auralithdigital.com/medspa/apex-aesthetics-and-wellness-jason-kwiatkowski-pa-c/
Stars Skincare Medspa,Boca Raton,@starsmedspa,82,https://reports.auralithdigital.com/medspa/stars-skincare-medspa/
Dr. G Med Spa,Boca Raton,@drgmedspa,82,https://reports.auralithdigital.com/medspa/dr-g-med-spa/
Invictus Medical and Wellness Group,Coconut Creek,@invictusmedwell,82,https://reports.auralithdigital.com/medspa/invictus-medical-and-wellness-group/
Glow Infusions,Coral Springs,@glow.infusions,80,https://reports.auralithdigital.com/medspa/glow-infusions/
Rose Face and Body Spa,Coral Springs,@rosefaceandbodyspa,78,https://reports.auralithdigital.com/medspa/rose-face-and-body-spa/
Delray Med Spa,Delray Beach,@delraymedspa,77,https://reports.auralithdigital.com/medspa/delray-med-spa/
Avastar Cryo - Delray Beach,Delray Beach,,77,https://reports.auralithdigital.com/medspa/avastar-cryo-delray-beach/
Lynova Wellness,Palm Beach Gardens,@lynova_wellness,76,https://reports.auralithdigital.com/medspa/lynova-wellness/
Inspo. Medspa,Coral Springs,@explore,74,https://reports.auralithdigital.com/medspa/inspo-medspa/
Spa Me Now,Delray Beach,@hwcabinetco,74,https://reports.auralithdigital.com/medspa/spa-me-now/
Blue Iris Medical Aesthetics,Parkland,@blueiris_medicalaesthetics,72,https://reports.auralithdigital.com/medspa/blue-iris-medical-aesthetics/
Complete Skin Spa,Boca Raton,@completeskinspa,71,https://reports.auralithdigital.com/medspa/complete-skin-spa/
Cassis Aesthetics,Boca Raton,@cassisaesthetics,70,https://reports.auralithdigital.com/medspa/cassis-aesthetics/
Palm Beach Beauty & Wellness,Delray Beach,@mypbwellness,70,https://reports.auralithdigital.com/medspa/palm-beach-beauty-wellness/
Euphoria Aesthetics & Wellness,Parkland,@euphoria.medspa,69,https://reports.auralithdigital.com/medspa/euphoria-aesthetics-wellness/
VGC Laser Studio,Boca Raton,@explore,68,https://reports.auralithdigital.com/medspa/vgc-laser-studio/
Aesthetics by Kallee,Palm Beach Gardens,@clubpilatespalmbeachgardens,67,https://reports.auralithdigital.com/medspa/aesthetics-by-kallee/
Lotus Laser & Med Spa,Boca Raton,@lotuslasermedspa,66,https://reports.auralithdigital.com/medspa/lotus-laser-med-spa/
Eden Med,Boca Raton,@edenmedicine,63,https://reports.auralithdigital.com/medspa/eden-med/
Revive Point Welness Spa Boca,Delray Beach,,62,https://reports.auralithdigital.com/medspa/revive-point-welness-spa-boca/
Preventive Health and Wellness Center,Coral Springs,,62,https://reports.auralithdigital.com/medspa/preventive-health-and-wellness-center/
Better Me Medical Spa and Wellness Center,Boca Raton,@bettermemedspa,61,https://reports.auralithdigital.com/medspa/better-me-medical-spa-and-wellness-center/
Naylan Montes Wellness Spa,Boca Raton,@naylanwellness,61,https://reports.auralithdigital.com/medspa/naylan-montes-wellness-spa/
Age Defy Aesthetics & Wellness,Boca Raton,@agedefyaesthetics,61,https://reports.auralithdigital.com/medspa/age-defy-aesthetics-wellness/
Pineapple Grove Medical Spa,Delray Beach,@pineapplegrovemedspadelray,61,https://reports.auralithdigital.com/medspa/pineapple-grove-medical-spa/
Harmony Eco Spa Boutique,Coral Springs,@harmony_ecospaboutique,61,https://reports.auralithdigital.com/medspa/harmony-eco-spa-boutique/
Rejuvenate Day Spa,Coral Springs,,60,https://reports.auralithdigital.com/medspa/rejuvenate-day-spa/
Bespoke Skin Studio,Boca Raton,@bespokeskin.studio,60,https://reports.auralithdigital.com/medspa/bespoke-skin-studio/
Boca Med Spa,Boca Raton,@ashokfkapur,59,https://reports.auralithdigital.com/medspa/boca-med-spa/
LifeGaines Med Spa,Boca Raton,,59,https://reports.auralithdigital.com/medspa/lifegaines-med-spa/
Seen Aesthetics,Boca Raton,,59,https://reports.auralithdigital.com/medspa/seen-aesthetics/
Emarie Lucille Med Spas,Delray Beach,,59,https://reports.auralithdigital.com/medspa/emarie-lucille-med-spas/
Martina’s Spa of Deerfield Beach,Deerfield Beach,,59,https://reports.auralithdigital.com/medspa/martinas-spa-of-deerfield-beach/
Elegant Youth MedSpa,Boca Raton,@elegantyouthmedspa,58,https://reports.auralithdigital.com/medspa/elegant-youth-medspa/
Skin Lounge Med Spa,Boca Raton,@skinlounge_spa,58,https://reports.auralithdigital.com/medspa/skin-lounge-med-spa/
Glam R Us Med Spa,Boca Raton,@lspasrq,57,https://reports.auralithdigital.com/medspa/glam-r-us-med-spa/
Stay Young Health + Wellness Institute,West Palm Beach,,57,https://reports.auralithdigital.com/medspa/stay-young-health-wellness-institute/
The Laser Professionals,West Palm Beach,,57,https://reports.auralithdigital.com/medspa/the-laser-professionals/
Pure Elements Medical Spa LLC,Parkland,,56,https://reports.auralithdigital.com/medspa/pure-elements-medical-spa-llc/
Pines Aesthetics Coral Springs,Coral Springs,@ovi_pinesaesthetics,56,https://reports.auralithdigital.com/medspa/pines-aesthetics-coral-springs/
Mellrosemed,Boca Raton,@mellrosemed,56,https://reports.auralithdigital.com/medspa/mellrosemed/
Romei Med Spa | Laser Hair Removal,Boca Raton,,54,https://reports.auralithdigital.com/medspa/romei-med-spa-laser-hair-removal/
Aquamed Medspa,Coral Springs,,53,https://reports.auralithdigital.com/medspa/aquamed-medspa/
Lady Bella's Med Spa,Coral Springs,@pieros_alternative,53,https://reports.auralithdigital.com/medspa/lady-bellas-med-spa/
Ultimate Body Spa,Coconut Creek,@ultimatebodyspa,53,https://reports.auralithdigital.com/medspa/ultimate-body-spa/
"Ava Beauty Medical Aesthetics, LLC",West Palm Beach,,53,https://reports.auralithdigital.com/medspa/ava-beauty-medical-aesthetics-llc/
GVO GLO Aesthetics,Parkland,@gvo.glo,52,https://reports.auralithdigital.com/medspa/gvo-glo-aesthetics/
Venus Med Spa,Boca Raton,@peacelovemedspa,52,https://reports.auralithdigital.com/medspa/venus-med-spa/
Evolution Rejuvenation Center,Boca Raton,,52,https://reports.auralithdigital.com/medspa/evolution-rejuvenation-center/
Nova Wellness Center,Coconut Creek,@novawcenter,52,https://reports.auralithdigital.com/medspa/nova-wellness-center/
All About Aesthetics Med Spa,Boca Raton,,51,https://reports.auralithdigital.com/medspa/all-about-aesthetics-med-spa/
Infuzio,Boca Raton,@infuziomedspa,51,https://reports.auralithdigital.com/medspa/infuzio/
CENTRO DDL BIOESTÉTICA INTEGRAL,Coral Springs,,51,https://reports.auralithdigital.com/medspa/centro-ddl-bioesttica-integral/
